{"textures":{"1":"mcc:global_base/chest/chest_rarity"},"elements":[{"from":[0.98,-0.02,0.98],"to":[15.02,9.02,15.02],"faces":{"north":{"uv":[1.75,2.0,3.5,3.125],"texture":"#1"},"east":{"uv":[0.0,2.0,1.75,3.125],"texture":"#1"},"south":{"uv":[1.75,2.0,3.5,3.125],"texture":"#1"},"west":{"uv":[0.0,2.0,1.75,3.125],"texture":"#1"},"up":{"uv":[1.75,0.0,3.5,1.75],"texture":"#1"},"down":{"uv":[0.0,0.0,1.75,1.75],"texture":"#1"}}}],"display":{"thirdperson_righthand":{"translation":[0.0,1.0,-1.0],"rotation":[63.0,34.0,0.0],"scale":[0.37891,0.37891,0.37891]},"thirdperson_lefthand":{"translation":[0.0,1.0,-1.0],"rotation":[63.0,34.0,0.0],"scale":[0.37891,0.37891,0.37891]},"firstperson_righthand":{"translation":[9.5,0.0,-5.75],"rotation":[3.0,112.0,-13.0],"scale":[0.35547,0.35547,0.35547]},"firstperson_lefthand":{"translation":[9.5,0.0,-5.75],"rotation":[3.0,112.0,-13.0],"scale":[0.35547,0.35547,0.35547]},"ground":{"translation":[0.0,4.25,0.0],"scale":[0.28906,0.28906,0.28906]},"gui":{"translation":[-0.25,-0.25,0.0],"rotation":[30.0,-158.0,0.0],"scale":[0.56992,0.56992,0.56992]},"head":{"translation":[0.0,-30.368,0.0],"scale":[1.6,1.6,1.6]},"fixed":{"translation":[0.0,-3.25,-7.5]}},"credit":"Made with Blockbench"}