{"textures":{"4":"mcc:island_lobby/game_lobby_props/props_pkw_3"},"elements":[{"from":[-15.5,4.0,4.0],"to":[31.5,15.5,6.0],"rotation":{"angle":0.0,"axis":"y","origin":[-0.5,0.0,4.0]},"faces":{"north":{"uv":[0.125,0.125,11.875,3.0],"texture":"#4"},"east":{"uv":[0.125,3.125,0.625,6.0],"texture":"#4"},"south":{"uv":[0.125,0.125,11.875,3.0],"texture":"#4"},"west":{"uv":[0.125,3.125,0.625,6.0],"texture":"#4"},"up":{"uv":[0.75,5.0,12.5,5.5],"texture":"#4"},"down":{"uv":[0.75,5.5,12.5,6.0],"texture":"#4"}}},{"from":[-10.0,-3.5,5.0],"to":[26.0,3.5,6.0],"rotation":{"angle":-22.5,"axis":"x","origin":[8.0,0.0,5.5]},"faces":{"north":{"uv":[1.5,3.125,10.5,4.875],"texture":"#4"},"east":{"uv":[1.125,3.125,1.375,4.875],"texture":"#4"},"south":{"uv":[1.5,3.125,10.5,4.875],"texture":"#4"},"west":{"uv":[1.375,3.125,1.125,4.875],"texture":"#4"},"up":{"uv":[0.75,6.125,9.75,6.375],"texture":"#4"},"down":{"uv":[0.75,6.125,9.75,6.375],"texture":"#4"}}}],"display":{"thirdperson_righthand":{"translation":[0.0,1.0,-1.0],"rotation":[63.0,34.0,0.0],"scale":[0.37891,0.37891,0.37891]},"thirdperson_lefthand":{"translation":[0.0,1.0,-1.0],"rotation":[63.0,34.0,0.0],"scale":[0.37891,0.37891,0.37891]},"firstperson_righthand":{"translation":[9.5,0.0,-5.75],"rotation":[3.0,112.0,-13.0],"scale":[0.35547,0.35547,0.35547]},"firstperson_lefthand":{"translation":[9.5,0.0,-5.75],"rotation":[3.0,112.0,-13.0],"scale":[0.35547,0.35547,0.35547]},"ground":{"translation":[0.0,4.25,0.0],"scale":[0.28906,0.28906,0.28906]},"gui":{"translation":[-0.25,-1.0,0.0],"rotation":[30.0,-158.0,0.0],"scale":[0.28086,0.28086,0.28086]},"head":{"translation":[0.0,-5.5,0.0],"scale":[3.2,3.2,3.2]},"fixed":{"translation":[0.0,-3.25,-7.5]}},"credit":"Made with Blockbench"}