{"textures":{"0":"mcc:block/gdl_2","particle":"mcc:block/gdl_2"},"elements":[{"from":[-16.0,0.0,11.0],"to":[32.0,32.0,16.0],"faces":{"north":{"uv":[4.5,2.375,10.5,6.375],"texture":"#0"},"east":{"uv":[10.5,2.375,11.125,6.375],"texture":"#0"},"south":{"uv":[4.5,2.375,10.5,6.375],"texture":"#0"},"west":{"uv":[10.5,2.375,11.125,6.375],"texture":"#0"},"up":{"uv":[4.5,6.375,10.5,7.0],"texture":"#0"},"down":{"uv":[4.5,7.0,10.5,7.625],"texture":"#0"}}}],"display":{"thirdperson_righthand":{"translation":[0.0,1.0,-1.0],"rotation":[63.0,34.0,0.0],"scale":[0.37891,0.37891,0.37891]},"thirdperson_lefthand":{"translation":[0.0,1.0,-1.0],"rotation":[63.0,34.0,0.0],"scale":[0.37891,0.37891,0.37891]},"firstperson_righthand":{"translation":[9.5,0.0,-5.75],"rotation":[3.0,112.0,-13.0],"scale":[0.35547,0.35547,0.35547]},"firstperson_lefthand":{"translation":[9.5,0.0,-5.75],"rotation":[3.0,112.0,-13.0],"scale":[0.35547,0.35547,0.35547]},"ground":{"translation":[0.0,4.25,0.0],"scale":[0.28906,0.28906,0.28906]},"gui":{"translation":[-0.25,-0.25,0.0],"rotation":[30.0,-158.0,0.0],"scale":[0.56992,0.56992,0.56992]},"head":{"translation":[0.0,-30.5,0.0],"scale":[1.6,1.6,1.6]},"fixed":{"translation":[0.0,-3.25,-7.5]}},"credit":"Made with Blockbench","gui_light":"front"}