{"textures":{"0":"mcc:pride/p21_misc","particle":"mcc:pride/p21_misc"},"elements":[{"from":[5.0,-14.0,9.0],"to":[11.0,-12.0,15.0],"faces":{"north":{"uv":[15.5,5.4375,15.875,5.5625],"texture":"#0"},"east":{"uv":[15.5,5.4375,15.875,5.5625],"texture":"#0"},"south":{"uv":[15.5,5.4375,15.875,5.5625],"texture":"#0"},"west":{"uv":[15.5,5.4375,15.875,5.5625],"texture":"#0"},"up":{"uv":[15.5,5.5625,15.875,5.9375],"texture":"#0"},"down":{"uv":[15.5,5.5,15.875,5.5625],"texture":"#0"}}},{"from":[6.0,28.0,10.0],"to":[10.0,32.0,14.0],"faces":{"north":{"uv":[15.625,5.1875,15.875,5.4375],"texture":"#0"},"east":{"uv":[15.625,5.1875,15.875,5.4375],"texture":"#0"},"south":{"uv":[15.625,5.1875,15.875,5.4375],"texture":"#0"},"west":{"uv":[15.625,5.1875,15.875,5.4375],"texture":"#0"},"up":{"uv":[15.625,4.9375,15.875,5.1875],"texture":"#0"},"down":{"uv":[15.625,5.375,15.875,5.4375],"texture":"#0"}}},{"from":[7.0,-12.0,11.0],"to":[9.0,28.0,13.0],"faces":{"north":{"uv":[16.0,5.1875,15.875,7.6875],"texture":"#0"},"east":{"uv":[15.875,5.1875,16.0,7.6875],"texture":"#0"},"south":{"uv":[16.0,5.1875,15.875,7.6875],"texture":"#0"},"west":{"uv":[15.875,5.1875,16.0,7.6875],"texture":"#0"}}},{"from":[8.0,11.0,-14.0],"to":[8.0,27.0,11.0],"faces":{"north":{"uv":[0.0,0.0,0.0,2.0],"texture":"#0"},"east":{"uv":[14.4375,7.75,16.0,8.875],"texture":"#0"},"south":{"uv":[0.0,0.0,0.0,2.0],"texture":"#0"},"west":{"uv":[16.0,7.75,14.4375,8.875],"texture":"#0"},"up":{"uv":[0.0,0.0,0.0,3.125],"texture":"#0"},"down":{"uv":[0.0,0.0,0.0,3.125],"texture":"#0"}}}],"display":{"thirdperson_righthand":{"translation":[0.0,4.5,0.0],"scale":[0.45703,0.45703,0.45703]},"thirdperson_lefthand":{"translation":[0.0,4.5,0.0],"scale":[0.45703,0.45703,0.45703]},"firstperson_righthand":{"translation":[2.0,3.5,0.75],"rotation":[18.75,9.25,0.0],"scale":[0.24219,0.24219,0.24219]},"firstperson_lefthand":{"translation":[2.0,3.5,0.75],"rotation":[18.75,9.25,0.0],"scale":[0.24219,0.24219,0.24219]},"ground":{"translation":[0.0,2.25,0.0],"scale":[0.29297,0.29297,0.29297]},"gui":{"translation":[1.25,-0.5,0.0],"rotation":[31.75,127.75,0.0],"scale":[0.35156,0.35156,0.35156]},"head":{"translation":[0.0,-8.0,-6.25],"scale":[1.6,1.6,1.6]},"fixed":{"translation":[0.0,23.5,-24.75],"rotation":[-33.25,0.0,0.0],"scale":[1.6,1.6,1.6]}},"credit":"Made with Blockbench"}