{"textures":{"0":"block/f/plushie_ad"},"elements":[{"from":[-13.38737,-1.44062,14.75],"to":[26.61263,10.55938,15.75],"rotation":{"angle":0.0,"axis":"y","origin":[-5.88737,-1.44062,7.75]},"faces":{"north":{"uv":[0.0,0.0,10.0,3.0],"texture":"#0"},"east":{"uv":[10.0,0.0,10.125,0.125],"texture":"#0"},"south":{"uv":[10.0,0.0,10.125,0.125],"texture":"#0"},"west":{"uv":[10.0,0.0,10.125,0.125],"texture":"#0"},"up":{"uv":[10.0,0.0,10.125,0.125],"texture":"#0"},"down":{"uv":[10.0,0.0,10.125,0.125],"texture":"#0"}}},{"from":[-14.38737,-2.44062,15.25],"to":[27.61263,11.55938,16.25],"rotation":{"angle":0.0,"axis":"y","origin":[-5.88737,-1.44062,7.75]},"faces":{"north":{"uv":[0.875,5.125,1.0,5.25],"texture":"#0"},"east":{"uv":[0.875,5.125,1.0,5.25],"texture":"#0"},"south":{"uv":[1.125,6.25,1.25,6.375],"texture":"#0"},"west":{"uv":[0.875,5.125,1.0,5.25],"texture":"#0"},"up":{"uv":[0.875,5.125,1.0,5.25],"texture":"#0"},"down":{"uv":[0.875,5.125,1.0,5.25],"texture":"#0"}}},{"from":[15.61263,14.05938,14.25],"to":[30.61263,22.05938,16.75],"rotation":{"angle":-22.5,"axis":"z","origin":[6.61263,14.05938,14.75]},"faces":{"north":{"uv":[5.0,7.5,8.75,9.5],"texture":"#0"},"east":{"uv":[5.0,9.375,5.125,9.5],"texture":"#0"},"south":{"uv":[5.0,9.375,5.125,9.5],"texture":"#0"},"west":{"uv":[5.0,9.375,5.125,9.5],"texture":"#0"},"up":{"uv":[5.0,9.375,5.125,9.5],"texture":"#0"},"down":{"uv":[5.0,9.375,5.125,9.5],"texture":"#0"}}}],"display":{"thirdperson_righthand":{"translation":[0.0,1.0,-1.0],"rotation":[63.0,34.0,0.0],"scale":[0.37891,0.37891,0.37891]},"thirdperson_lefthand":{"translation":[0.0,1.0,-1.0],"rotation":[63.0,34.0,0.0],"scale":[0.37891,0.37891,0.37891]},"firstperson_righthand":{"translation":[9.5,0.0,-5.75],"rotation":[3.0,112.0,-13.0],"scale":[0.35547,0.35547,0.35547]},"firstperson_lefthand":{"translation":[9.5,0.0,-5.75],"rotation":[3.0,112.0,-13.0],"scale":[0.35547,0.35547,0.35547]},"ground":{"translation":[0.0,4.25,0.0],"scale":[0.28906,0.28906,0.28906]},"gui":{"translation":[-0.25,0.5,0.0],"rotation":[30.0,-158.0,0.0],"scale":[0.70078,0.70078,0.70078]},"head":{"translation":[4.75,-12.75,-12.25],"scale":[3.2,3.2,3.2]},"fixed":{"translation":[0.0,-3.25,-7.5]}},"credit":"Made with Blockbench"}