{"textures":{"0":"mcc:event_hub/food/bar","particle":"mcc:event_hub/food/bar"},"elements":[{"from":[4.5,-1.5,8.5],"to":[11.5,7.5,8.5],"rotation":{"angle":22.5,"axis":"x","origin":[8.0,5.0,11.5]},"faces":{"north":{"uv":[7.5,5.3125,7.9375,5.875],"texture":"#0"},"south":{"uv":[7.5,5.3125,7.9375,5.875],"texture":"#0"}}},{"from":[7.3,7.8,8.8],"to":[8.7,21.2,10.2],"rotation":{"angle":0.0,"axis":"x","origin":[8.0,5.0,11.5]},"faces":{"north":{"uv":[7.9375,5.3125,8.0625,6.1875],"texture":"#0"},"east":{"uv":[8.0625,5.3125,7.9375,6.1875],"texture":"#0"},"south":{"uv":[7.9375,5.3125,8.0625,6.1875],"texture":"#0"},"west":{"uv":[8.0625,5.3125,7.9375,6.1875],"texture":"#0"},"up":{"uv":[7.9375,5.3125,8.0,5.375],"texture":"#0"},"down":{"uv":[7.9375,5.3125,8.0,5.375],"texture":"#0"}}},{"from":[6.8,17.3,8.3],"to":[9.2,23.7,10.7],"rotation":{"angle":0.0,"axis":"x","origin":[8.0,5.0,11.5]},"faces":{"north":{"uv":[8.0625,5.3125,8.1875,5.6875],"texture":"#0"},"east":{"uv":[8.1875,5.3125,8.0625,5.6875],"texture":"#0"},"south":{"uv":[8.0625,5.3125,8.1875,5.6875],"texture":"#0"},"west":{"uv":[8.1875,5.3125,8.0625,5.6875],"texture":"#0"},"up":{"uv":[8.3125,5.3125,8.1875,5.4375],"texture":"#0"},"down":{"uv":[8.0625,5.5625,8.125,5.625],"texture":"#0"}}}],"display":{"thirdperson_righthand":{"translation":[0.0,6.75,6.25],"rotation":[-160.25,0.0,0.0],"scale":[0.80859,0.80859,0.80859]},"thirdperson_lefthand":{"translation":[0.0,6.75,6.25],"rotation":[-160.25,0.0,0.0],"scale":[0.80859,0.80859,0.80859]},"firstperson_righthand":{"translation":[0.5,6.25,1.5],"rotation":[149.0,87.0,4.0],"scale":[0.39453,0.39453,0.39453]},"firstperson_lefthand":{"translation":[0.5,6.25,1.5],"rotation":[149.0,87.0,4.0],"scale":[0.39453,0.39453,0.39453]},"ground":{"translation":[0.0,1.75,0.0],"scale":[0.50977,0.50977,0.50977]},"gui":{"translation":[1.75,1.5,0.0],"rotation":[171.0,4.75,45.0],"scale":[0.70117,0.70117,0.70117]}},"credit":"Made with Blockbench"}